<?xml version="1.0" encoding="utf-8"?>
<!DOCTYPE tiles-definitions PUBLIC "-//Apache Software Foundation//DTD Tiles Configuration 2.0//EN" "http://tiles.apache.org/dtds/tiles-config_2_0.dtd">

<tiles-definitions>

    <!-- +++++++++++++++++++++++++++++++++++++++++++++++++++++ -->
    <!-- My Booth Management -->
    <!-- +++++++++++++++++++++++++++++++++++++++++++++++++++++ -->
    <definition name="business/resmanage/mybooth/main" extends="layout/framework/main">
        <put-attribute name="title" value="My Booth > Main" />
        <put-attribute name="main" value="/WEB-INF/views/business/resmanage/mybooth/myBoothInfoList.jsp" />
    </definition>
    <definition name="business/resmanage/mybooth/myBoothInfo" extends="layout/framework/popup">
        <put-attribute name="title" value="My Booth > Booth Info" />
        <put-attribute name="main" value="/WEB-INF/views/business/resmanage/mybooth/myBoothInfo.jsp" />
    </definition>
    <definition name="business/resmanage/mybooth/myBoothInfoUpdateForm" extends="layout/framework/popup">
        <put-attribute name="title" value="My Booth > Booth Modify" />
        <put-attribute name="main" value="/WEB-INF/views/business/resmanage/mybooth/myBoothInfoUpdateForm.jsp" />
    </definition>     
    
</tiles-definitions>