<?xml version="1.0" encoding="utf-8"?>
<!DOCTYPE tiles-definitions PUBLIC "-//Apache Software Foundation//DTD Tiles Configuration 2.0//EN" "http://tiles.apache.org/dtds/tiles-config_2_0.dtd">

<tiles-definitions>

    <!-- +++++++++++++++++++++++++++++++++++++++++++++++++++++ -->
    <!-- Booth Rent Fee Management -->
    <!-- +++++++++++++++++++++++++++++++++++++++++++++++++++++ -->
    <!-- Group Main -->
    <definition name="business/resmanage/booth/rentfee/main" extends="layout/framework/main">
        <put-attribute name="title" value="Booth Rent Fee Management > Main" />
        <put-attribute name="main" value="/WEB-INF/views/business/resmanage/boothRentFeeList.jsp" />
    </definition>

    <definition name="business/resmanage/booth/rentfee/boothRentFeeRegistForm" extends="layout/framework/popup">
        <put-attribute name="title" value="Rent Fee > Regist booth rent fee" />
        <put-attribute name="main" value="/WEB-INF/views/business/resmanage/popup/rentFeeBoothRegistForm.jsp" />
    </definition>
    <definition name="business/resmanage/booth/rentfee/groupRentFeeRegistForm" extends="layout/framework/popup">
        <put-attribute name="title" value="Rent Fee > Regist group rent fee regist" />
        <put-attribute name="main" value="/WEB-INF/views/business/resmanage/popup/rentFeeGroupRegistForm.jsp" />
    </definition>
    
</tiles-definitions>