<?xml version="1.0" encoding="UTF-8" ?>

<!DOCTYPE log4j:configuration SYSTEM "log4j.dtd">
<log4j:configuration xmlns:log4j="http://jakarta.apache.org/log4j/">

    <!-- Appender Logger Setting : FATAL, ERROR, WARN, INFO, DEBUG, OFF -->
    <!-- Console -->
    <appender name="stdout" class="org.apache.log4j.ConsoleAppender">
        <layout class="org.apache.log4j.PatternLayout">
            <param name="ConversionPattern" value="[%d{yyyy-MM-dd HH:mm:ss}] [%-5p] %C.%M(%L) - %m%n" />
        </layout>
    </appender>

    <!-- File -->
    <appender name="dailyfile" class="org.apache.log4j.DailyRollingFileAppender">
        <!-- <param name="File" value="C:/Temp/logs/photome.log" /> -->
        <param name="File" value="/home/client/photome/logs/photome.log" />
        <param name="Append" value="true" />
        <param name="DatePattern" value=".yyyy-MM-dd" />
        <layout class="org.apache.log4j.PatternLayout">
            <param name="ConversionPattern" value="[%d{yyyy-MM-dd HH:mm:ss}] [%-5p] %C.%M(%L) - %m%n" />
        </layout>
    </appender>

    <!-- 아래 설정에서 각 패키지별로 로그 레벨을 설정할 수 있다. -->
    <!-- 3rd party Logger Setting : FATAL, ERROR, WARN, INFO, DEBUG, OFF -->
    <!-- 3rd party Logger - Cosmos Framework -->
<!--     <logger name="com.cosmos.framework">
        <level value="INFO" />
    </logger>
 -->
    <logger name="com.cosmos">
        <level value="DEBUG" />
    </logger>

    <!-- 3rd party Logger - Mybatis -->
    <logger name="jdbc.resultsettable" additivity="false">
        <level value="WARN" />
        <appender-ref ref="stdout" />
    </logger>
    <logger name="jdbc.sqlonly" additivity="false">
        <level value="INFO" />
        <appender-ref ref="stdout" />
    </logger>
    <!-- <logger name="org.mybatis" additivity="false">
        <level value="WARN" />
        <appender-ref ref="stdout" />
        </logger> -->


    <!-- Root logger -->
    <root>
        <priority value="WARN" />
        <appender-ref ref="stdout" />
        <appender-ref ref="dailyfile" />
    </root>


</log4j:configuration>

